i,input_text,output_text,input_cmi,output_cmi,delta
0,1. My phone 突然 **black screen** 了，我试了 **hard reset** 还是没用，真 **头大**！ 2. 这个新 **AI model** 的 **accuracy** 超高，但 **training data** 太 **贵** 了，公司可能 **load** 不动。 3. You 要 **upgrade** 你的 **GPU** 才能跑这款游戏，不然 **fps** 会 **掉得很惨**，真的 **不值**。,1. 先试试接电源看看能不能强制开机，实在不行就得送修了，数据还在的话更心塞… 2. 现在哪个大模型不烧钱啊，不如先用小规模数据跑个demo看看效果，说不定老板就松口了。,18.75,0.0,-18.75
1,"Last night’s game was insane—**那个三分球太关键了**！ The referee’s call was so controversial, **简直让人无语**。 Our team’s defense **确实进步很大**， but the offense still needs work.",哈哈是啊，那个三分球简直**救命**！最后那几秒钟我心脏都快跳出来了… 进攻端确实有点拖后腿，希望下场能调整一下，别再那么**生硬**了。,0.0,0.0,0.0
2,"1. After that **绝杀进球** *yìjī*, the whole stadium just **炸锅了**—you could feel the energy even from the TV! 2. His **传球** *zhùanqiú* vision is next-level, always **找到** the gap before the defense even reacts. 3. They **输在了** *shū zài le* the last-minute penalty, but honestly, the ref’s call was **有点儿** *yǒudiǎnr* questionable.",1. 那种绝杀的快感太爽了，尤其是看到对手守门员直接懵在原地哈哈哈！ 2. His no-look passes are like chess moves—always three steps ahead while everyone else is still guessing.,0.0,5.882352941176472,5.882352941176472
3,"I was watching the NBA finals last night, 真的太精彩了！ The Lakers’ defense was on fire, 但勇士队还是顶住了压力。 You should’ve seen Curry’s three-pointer—绝对是决定性的一球！",哇，那个三分太刺激了吧！Curry 关键时刻就是不一样，勇士队这心理素质真不是盖的。你支持哪边啊？,14.28571428571429,0.0,-14.28571428571429
4,"1. I was 刚想说 you should come with us, 但是 suddenly realized I forgot my wallet at home. 2. 这个weekend我打算 go hiking in the mountains, 顺便 take some nice photos for my blog. 3. She always 爱show off her new gadgets, but 这次 her phone actually 很有用 during the trip.",1. 那正好，我带钱包！下次别忘了哈，不然又得我请客😂 2. 山里风景肯定美爆，拍完记得发我两张当壁纸~,14.893617021276595,0.0,-14.893617021276595
5,"I just upgraded my phone, 但是系统还是有点卡。 The new AI tool saves me hours every week, 真的太方便了。 Cloud storage prices keep dropping, 所以我决定多买一些空间。",新手机跑分高但是优化不到位啊，确实有点可惜。AI工具省时间是真的，我现在连整理照片都交给它了，超级省心！云空间便宜了就多买点备着，反正早晚用得上。,13.636363636363635,0.0,-13.636363636363635
6,1. 我昨天在supermarket买了好多东西，结果发现**忘带钱包**了，super awkward！ 2. 这个app真的**太好用了**，user interface设计得很清晰，**一点都不卡**。 3. 他总是**说到做到**，never lets me down，**这种人现在真的不多见了**。,1. 天啊太尴尬了！我上次忘带钱包还硬撑着装作在找零钱，最后只能假装接电话溜走😂 2. 同感！现在很多app都又卡又乱，这种顺滑的真的让人想天天用。,0.0,0.0,0.0
7,"The Lakers 今年真的太强了，希望他们能拿冠军。 I watched the NBA finals last night, 那场比赛简直太精彩了！ My favorite player is Curry, 他的三分球百发百中。",哈哈，Lakers 这赛季确实气势如虹！Curry 的三分看起来就是艺术，不过今年可能要先给湖人加油了😆 你觉得决赛会不会是湖人对阵凯尔特人？,17.647058823529417,0.0,-17.647058823529417
8,昨天的NBA总决赛太精彩了，LeBron的表现简直是carry全场！ 他们队的防守策略完全崩了，让对手三分球像rain down一样。 决赛MVP肯定是他，不过下赛季得看看新秀能不能bring some fresh energy。,哈哈是啊，LeBron这把真的是老而弥坚，关键时刻那几个球太稳了！新赛季维克多·文班亚马要是能早点适应NBA强度，说不定能给联盟带来点不一样的风暴🔥。,42.85714285714286,0.0,-42.85714285714286
9,1. 昨天的比赛太**clutch**了，最后一秒**buzzer beater**直接**reverse sweep**对手，简直**legendary**！ 2. 这支球队的**defense**实在太强，每次**fast break**都被他们**lock down**，完全没法**score**啊。 3. 教练说我的**stamina**还不够，让我每天**run drills**至少两小时，不然**starting lineup**的位置肯定**保不住**了。,1. 那最后一球绝对是今年最**epic**的时刻了，看得我心脏都快跳出来了！ 2. 是啊，他们那**help defense**简直无解，切进去都像撞墙一样… 你要是能破这种防守，NBA都敢签你了hh。,0.0,0.0,0.0
10,"I was thinking about dinner last night, 但是冰箱里什么都没有。 You should check the weather before heading out, 今天说不定会下雨。 She promised to call me back, 结果又放了我鸽子。",真倒霉，饿了一肚子还被放鸽子… 今天出门记得带伞，顺便买点菜吧，不然又要饿肚子了。,12.5,0.0,-12.5
11,"1. After that **绝杀进球** *yìjī*, the whole stadium just **炸了**—fans were screaming like crazy! 2. He **受伤** last season but **康复得特别快**, now his **三分球** accuracy is even better than before. 3. The coach kept yelling **""加油！""** during the timeout, but our **防守** *fángshǒu* still collapsed in the last quarter.",1. 那种绝杀的瞬间真的太燃了，现场气氛爆炸到让人起鸡皮疙瘩！ 2. 伤病康复后还能更上一层楼，这实力简直逆天，三分线外都成他家后花园了。,0.0,0.0,0.0
12,"I just upgraded my phone to the latest model, **这个屏幕真的太清晰了**。 **手机发热问题** seems much better now after the software patch. You can try enabling **暗色模式** in the settings for better battery life.",哇，升级后体验确实升级了！暗色模式确实省电，我平时也一直开着，还能护眼两不误~,0.0,0.0,0.0
13,这场比赛的最后五分钟太紧张了，我心跳都快停了。 The referee’s call was absolutely controversial—明明是手球，怎么可能不吹？ 他们队的新外援表现真不错，next season 估计能拿MVP。,太刺激了吧！那种判罚确实让人气到想砸电视，不过新外援这手传控和进攻意识确实MVP相啊，下赛季绝对是看点！,40.0,0.0,-40.0
14,昨天我去公园散步，真的超级放松。 But then I suddenly remembered I had a meeting at 3 PM—完全忘了！ 赶紧打车回家，luckily the traffic wasn’t too bad.,哈哈哈太心有戚戚焉了！这种突然想起来有事的瞬间简直是心跳加速😅 还好你及时赶回去，下次记得设个闹钟提醒自己！,16.666666666666664,0.0,-16.666666666666664
15,"The new AI model 真的太强了，处理复杂任务一点都不费劲。 I tried debugging the code for hours, 最后发现只是少了个分号。 Their latest smartphone 续航能力惊人，but the camera still needs improvement.","哈哈太熟悉这种""少分号""的血泪史了！AI是强，但有时候还是得人肉debug才能找到这种""低级错误""。手机续航好确实救命，不过相机要是再升级一下，就完美了。",13.636363636363635,0.0,-13.636363636363635
16,"I was watching the NBA finals last night, 真的太精彩了！ The Lakers’ defense was on fire, 但最后关头还是输给了对手。 Next season I’ll definitely cheer for them again, 希望他们能卷土重来！",哎哟，那场真的可惜啊！LeBron和AD拼到最后，下赛季调整一下阵容，说不定又是一支冠军级别的队伍！🔥,12.0,0.0,-12.0
17,我的new laptop **真的太快了**，boot up 只要 **五秒钟**！ 这款AI **软件**可以auto-generate **整篇报告**，**省时又省力**。 你试过那个cloud storage **吗**？**免费版**就有 **15G空间**，**超划算**！,哇，这配置绝绝子！五秒开机简直飞起，AI生成报告确实是办公神器。我用过那个云盘，15G免费够我存好多高清壁纸了哈哈，还挺稳定的~,42.85714285714286,0.0,-42.85714285714286
18,1. 我刚买的new **MacBook Pro** 真的太强了，retina display **超清晰**，battery life 也比之前的**长好多**。 2. 这个AI **模型**用了最新的transformer **架构**，training speed **快了30%**，但inference 时还是有点**卡**。 3. 你帮我debug 这段**代码**吧，error message 显示**内存溢出**，我try 了好几次都fix 不了。,1. 这MacBook Pro确实牛，Retina屏看久了都不累眼，续航终于能撑过一天了哈哈。 2. Transformer架构确实强，训练速度提升明显，但推理卡顿可能得优化下batch size或者量化试试？,40.0,0.0,-40.0
19,The new AI model 真的太强了，处理复杂任务一点都不费劲。 I tried debugging the code for hours 但还是找不到bug在哪儿。 这款无线耳机的降噪效果超级好，worth every penny you spend on it.,哈哈，AI救命还救bug，耳机还能救耳朵，你这体验是全方位升级啊！下次debug不如先问问AI，没准儿它一眼就帮你扒拉出bug在哪儿躲着。,15.000000000000002,0.0,-15.000000000000002
20,I’ve been meaning to read that novel you recommended last month. 天气预报说明天会下雨，记得带伞出门哦。 Hopefully it won’t ruin our picnic plans though.,雨天野餐也别有风味，带上伞和热茶说不定更有情调呢！那本小说真的很适合这样的天气，记得读到第三章时留意细节，特别有意思。,5.000000000000004,0.0,-5.000000000000004
21,这个weekend我真的太**busy**了，要**finish**三篇report还得帮朋友**move**房子。 你**really**应该试试那家新开的火锅店，味道**super**正宗，老板还**gave**我们打折！ 我**just**发现我的手机**lost**在出租车上了，现在心情**super**复杂，不知道能不能**find**回来。,哇，周末安排得跟打boss一样，还夹杂着这么多情绪大起大落……手机丢了确实心塞，先试试打出租公司客服或者用定位回溯一下？实在不行就当给自己放个假，反正火锅店的折扣还能安慰到你哈哈。,0.0,0.0,0.0
22,1. 昨天的比赛 **was so intense**—最后一秒 **they scored a three-pointer** 真的 **blew my mind**！ 2. 我 **usually play basketball** 每周三次，但最近 **my knee’s been acting up** 所以 **gotta take it easy** 了。 3. 这场 **world championship** 的 **defense strategy** 太牛了，尤其是 **that last block** 简直 **game-changing**！,1. 那最后一球绝杀的瞬间我都快从沙发上跳起来了，心跳到现在还没平复… 2. 膝盖伤真的拖不起，我之前也是这样，休息几天试试冰敷+护膝，别硬撑啊。,47.61904761904761,0.0,-47.61904761904761
23,1. 昨天的NBA比赛太**fire**了，James **dropped** 40分还**抢**了12个篮板，简直**carry**全场！ 2. 我**plan**这个周末去**打**高尔夫，但**天气预报**说要**downpour**，可能得**cancel**了。 3. 这场**world cup**的**point**太**刺激**了，最后一分钟**绝杀**简直**让人**heart attack！,1. 确实牛，LeBron 这状态简直逆天，都快赶上06年的Flash模式了🔥 2. 那雨要是真下起来，换个室内高球（模拟器）也不错，或者直接约个麻将？😂,0.0,0.0,0.0
24,Last night’s game was insane—**那个绝杀太牛了**！ The coach said they need to **加强防守**，or the next match will be brutal. I can’t believe they lost—**这支球队实力明明不差**，just bad luck today.,绝杀看得我心脏都要跳出来了… 确实防守端有点松，下场对上强队怕是要吃大亏。不过运气也是实力的一部分吧，唉，希望他们调整好状态！,0.0,0.0,0.0
26,1. My phone 突然 **black screen** 了，得 **hard reset** 一下才能 **fix** 这个 **bug**。 2. 这个 **AI model** 的 **accuracy** 太低，我得 **fine-tune** 一下 **parameters** 才能 **reach** 90%。 3. 你 **download** 完那个 **app** 后，记得 **update** 到 **latest version**，不然会 **crash**。,1. 手机黑屏真急人，重启要是还不行可能得送修了。 2. 调参确实累，你试过改learning rate或者batch size吗？有时候小调整就有大效果。,13.33333333333333,0.0,-13.33333333333333
27,"The new AI model 真的太强了，but it still struggles with low-resource languages. 我昨天升级了显卡，now my rendering speed has almost doubled. They’re rolling out 5G 基站 in our area,so expect faster mobile data soon.",哇，你这升级速度跟AI进步一样快！5G一上，估计你手机流量都用不完了，哈哈。,9.999999999999998,0.0,-9.999999999999998
28,1. 昨天的比赛太**clutch**了，最后一秒**three-pointer**直接**swish**，我们队**reverse sweep**成功，简直**legendary**！ 2. 这个赛季他的**stats**爆炸，场均**double-double**，但教练还是说他**defense**太**weak**，得多练**footwork**。 3. 别看他**bench**那么久，一上场就**drop**了30分，网友都疯了，直喊“**MVP**！”“**carry**硬核”！,哈哈哈 这画面太刺激了，最后一秒swish那一下我都起鸡皮疙瘩了！这种reverse sweep简直是球迷的终极大餐🔥 那个场均double-double的哥们儿确实牛，但教练说得也对，现在的联盟不练防守真混不了。还有那个bench神将，突然drop 30分，网友们“MVP”喊成这样，我都快相信这是主角光环了😂,0.0,0.0,0.0
29,我的新laptop **超级卡**，可能得重装个system才能fix。 这个AI model **训练起来**特别cost performance，但效果确实很**牛**。 你那个phone **屏幕坏了**？快去apple store **看看**还能不能claim warranty。,唉，重装系统确实麻烦但管用… 你那个AI模型效果这么好，值得！我手机屏幕是摔的，苹果保修估计得看运气，先去试试吧😅,50.0,0.0,-50.0
30,1. 昨天的NBA比赛太**clutch**了，最后三秒**buzzer-beater**直接**reverse sweep**了对手！ 2. 我**favorite**的足球队又**输球**了，那个**referee**的**judgment**简直**离谱**到家。 3. 你**gym**里练**bench press**时，记得**保持呼吸**，别**伤到**自己**rotator cuff**！,1. 那最后一球绝对是今年最刺激的时刻了，看得我心脏都快跳出来了😱 2. 裁判这眼神是吃了什么啊…下次换个联赛看算了，气死人。,0.0,0.0,0.0
31,1. I was 正在看 *The Crown* 但是突然发现 my Wi-Fi **断了**，so frustrating! 2. 你有没有试过用 **baking soda** 洗 **水槽**？Super clean 而且 **一点儿都不贵**！ 3. My boss 让我 **加班** 到 8点，but he promised 会 **请我吃饭**—希望不是 *McDonald’s*!,1. 断网真的是太崩溃了！我之前看《王冠》看到关键剧情被卡过，气得我直接放弃睡觉了哈哈。 2. 必须试试！我家水槽油污重，小苏打真的这么神？比那些贵死的清洁剂强多了吧？👀,44.44444444444444,0.0,-44.44444444444444
32,这个新手机的AI功能真的太强了，it can even translate conversations in real time without lag。 我昨天试了那个cloud-based的编辑器，发现它处理大文件的时候特别稳，一点都不卡。 他们团队开发的quantum algorithm据说能提升30%的运算效率，不过还得看实际测试结果。,哇，听起来这手机和编辑器都快赶上科幻片里的配置了！量子算法要是真能稳定提升30%，那绝对是行业大杀器——你要是测过实际效果记得分享啊，我正好对这块感兴趣。,25.0,0.0,-25.0
33,我昨天去了那个 **supermarket** 买东西，结果发现打折的 **items** 都 **sold out** 了。 他总是 **like** 这样 **last-minute** 才告诉我，真的是 **too much** 了！ 这部电影的 **plot** 太 **cliché** 了，我看了五分钟就 **switch** 到别的 **channel** 去了。,唉，超市搞这种虚假折扣真的让人火大，每次都赶在你去之前秒没货😤 还有那电影，五分钟就看穿全剧情，还不如刷抖音呢…,0.0,0.0,0.0
34,1. 昨天的NBA比赛太**crazy**了，詹姆斯最后一秒**buzzer-beater**直接**reverse**了整个**momentum**，我们都**炸锅**了！ 2. 我**gym**里练**bench press**时突然**拉伤**了肩膀，教练说要**rest**两周，不然**old injury**会**复发**的。 3. 这场**derby**绝对**值回票价**，梅西和C罗在场上**互怼**，最后**点球大战**还**靠门柱**救了我们一命！,"1. 詹姆斯这球绝了，都38了还能上演这种大片，真的是""老而弥坚""的典范啊😤 2. 肩膀伤可大意不得，两周休息算轻的，我朋友上次硬撑结果**rest了半年**... 你现在冰敷了没？",0.0,0.0,0.0
35,我的新**laptop**配置超强，i7处理器加上32G **RAM**，跑**AI model**那叫一个**smooth**。 这款**smartwatch**的**battery life**确实有点短，充一次电才撑两天，有点**disappointing**啦。 他们团队最近在做一个**blockchain**项目，技术栈全是**open-source**的，真**hardcore**！,哇，你这配置确实牛，跑AI模型跟玩似的！智能手表续航是硬伤，换我我也得吐槽。他们团队这blockchain项目听起来超前沿，开源硬核范儿十足，牛逼！,0.0,0.0,0.0
36,The Lakers 真的太强了，昨晚那场比赛简直是大师级表现。 I can’t believe they pulled off that last-second shot—绝杀太刺激了！ 下周对阵勇士队，希望他们能 keep the momentum going.,哈哈是啊，那记绝杀我都看傻了！下周对勇士肯定是硬仗，但这赛季湖人的默契和韧性真的不一样，期待他们再来一场好戏🔥（虽然勇士也不是好惹的就是了）,17.647058823529417,0.0,-17.647058823529417
37,这个新手机的处理器速度真的快，**but the battery life is kind of disappointing.** **I tried enabling dark mode** 来省点电，效果还不错。 **The AI voice assistant** 有时候会误解我的口音，**so I have to repeat myself.**,暗色模式确实能救点命，尤其是OLED屏幕。AI助手的口音识别有时候真魔性，我一般切英文模式会好点（虽然也偶尔抽风）。,6.25,0.0,-6.25
38,"1. After that **绝杀进球** *yìjī*, the whole stadium just **炸了**—fans were screaming like crazy! 2. He **受伤** last season but **康复得特别快**, so now his **体能** is even better than before. 3. The coach’s **战术安排** was **太牛了**, totally caught the opponents off guard in the second half.",1. 那种**绝杀**的刺激感简直太爽了，现场的气氛绝了！你当时在场看的吗？ 2. 这种**康复速度**也太逆天了吧，体能还逆袭升级，简直主角光环附体😂。,0.0,0.0,0.0
39,"1. I was **超级累** after work yesterday, so I just **躺** on the couch and binged Netflix for hours. 2. She always says **""别客气""** when I thank her, but I still feel bad for not **带** anything to her party. 3. If you **不确定** how to fill out this form, just **问问** the guy at the front desk—he’s super helpful.",1. 太理解了，有时候就得这样给自己充充电，不然真的撑不下去哈哈。 2. 她应该是真心实意的，下次带个小点心或手写卡片也能表达心意呀～,0.0,0.0,0.0
40,我昨天去超市买了很多东西，but forgot to check the expiration date on the milk。 这周末打算在家里好好休息一下，because I’ve been working overtime all month。 他的新发型看起来有点奇怪，honestly it reminds me of a mushroom.,哈哈哈，mushroom head真的太形象了！周末好好补觉，顺便检查下牛奶有没有变质，别浪费了你的辛苦钱。,12.5,0.0,-12.5
41,1. 我刚刚**debug**了半天那个**algorithm**，结果发现是**database connection**的问题，真**气人**！ 2. 这个新**AI model**的**accuracy**确实很高，但**training**起来太**耗时**了，我**电脑**都快**炸**了。 3. 你帮我**check**一下这段**code**，为什么**output**总是**乱码**？我**实在看不懂**哪里出了**bug**。,1. 这种低级错误真的太“魔幻”了，数据库连接问题还能伪装成算法bug，气得我都想砸键盘... 2. 高精度模型就是“富婆”，又要马儿跑又要马儿不吃草，你电脑这配置怕是得升级了（笑哭）,0.0,0.0,0.0
42,1. I was 正在看 movie last night 但是 suddenly 断网了，super annoying! 2. 这个 weekend 我要 go shopping 买点 新衣服，maybe 顺便 eat some 好吃的。 3. My boss 让我 finish this report by 明天，but I 还没开始呢—so 焦虑！,1. 断网真的太崩溃了…尤其是看到精彩部分的时候，气得我当时都想砸路由器！ 2. Shopping加美食，周末过得比我还滋润哈哈，有什么推荐的好吃的吗？,40.625,0.0,-40.625
43,"我的new laptop **真的太快了**，boot up 只要五秒钟！ 这款AI **软件**虽然很强，但有时候会**自动crash**，让人有点**头大**。 你帮我**检查下**这个**代码**，看看为什么**一直show** ""404 error""。",哇塞，五秒启动确实飙速！AI软件crash可能是内存占用或驱动冲突，我先帮你看下代码——404 error通常是路径/接口地址写错了，或者服务器端资源不存在。把报错的那段代码贴我一下，顺便看看你的request URL是啥？👀 *(P.S. 你这laptop配置啥样？我都有点羡慕了haha)*,50.0,0.0,-50.0
44,1. 我昨天去了那个 **super crowded** 的市场，结果**bought**了一堆**useless stuff** 回来，真**后悔**！ 2. 他总是**likes to** 找些**excuses** 来**逃避**工作，**but** 这次老板终于**看不下去**了。 3. 这部电影的**plot** 太**cliché** 了，可是**special effects** 真的**超级牛**，让我**看得**有点**overwhelmed**。,"1. 哈哈哈太熟悉这种""买了就后悔""的体验了，下次去之前得先问问自己：""我真的需要这个吗？""（然后可能还是会买） 2. 这种人现实中太多了，老板终于爆发肯定是积攒了N个""小太阳""的怒气吧😂",0.0,0.0,0.0
45,1. 昨天的NBA比赛太**crazy**了，最后三秒**buzzer beater**直接**reverse**了整个**局势**！ 2. 我**training**的时候总是**拉伤**腿，**coach**说我的**warm-up**不够**到位**。 3. 这场**football match**的**var**判罚太**离谱**了，**offside**都能吹成**点球**？,1. 那球绝了，最后一投简直电影级反转，看得我心脏都要跳出来了！ 2. 热身确实关键，我之前也老拉伤，后来加了动态拉伸和泡沫轴就好多了，你试试？,0.0,0.0,0.0
46,去年梅西突然加盟国际迈阿密，真的让球迷们都炸锅了。 The referee’s call in the final minute was absolutely controversial. 决赛最后一分钟的判罚简直太有争议了，大家都在吐槽呢。,哈哈是啊，梅西去迈阿密那会儿朋友圈全是“谁还敢说美职联不看了”的，现在又被裁判整活儿了… 这球迷的心脏真受不了！,16.666666666666664,0.0,-16.666666666666664
47,"所以我只好在家看了一天的电视。 Next time I’ll check the weather forecast first, 免得又浪费一天时间。",哈哈，确实得提前看天气预报，不然出门就成赌运气了。下次运气好点，别让电视剧把你留家里！,19.999999999999996,0.0,-19.999999999999996
48,"Last night’s game was insane—**那个三分球太关键了**！ The refs made some questionable calls, **简直就是瞎判**。 He’s training like a beast **为了下个月的比赛**， no days off.",哈哈太懂了，那种关键球进了整个人都精神百倍！不过裁判确实有时候**眼神不太行**，气死个人。他这劲头保持下去，下场比赛绝对**要火**🔥！,0.0,0.0,0.0
49,这个新手机的处理器速度真的快，**but the battery life is kinda disappointing.** **AI tools** 现在越来越智能了，连我的工作都能帮上不少忙。 你试过用 **cloud storage** 备份数据吗？比U盘方便多了，还不占地方。,确实，云存储超级方便，尤其是出差或换设备的时候——随时同步，再也不用担心U盘丢了或坏掉。AI工具现在连PPT都能帮我一键生成，省时又省力，就是有时候得检查下细节哈哈。,37.5,0.0,-37.5
50,这个新手机的处理器真的太强了，it can handle AAA games without any lag at all. I tried the latest AI translation tool yesterday，但翻译出来的结果还是有点儿生硬。 Their cloud storage service 最近又涨价了，so I’m considering switching to a local NAS setup.,哇，这配置确实牛，玩游戏都跟PC端一样流畅了！AI翻译现在还是有点儿“机器味儿”，不过NAS自己搭起来倒是挺香的，数据安全还省心，你考虑哪个品牌呢？,9.677419354838712,0.0,-9.677419354838712
51,"1. 我昨天去了那个 **new café** 但发现 **menu** 上的 **prices** 真的有点 **off the chart**—**太贵了**！ 2. **Honestly**, 这种 **weather** 让我 **super 不想出门**，干脆在家 **binge-watch** 两集 **drama** 算了。 3. 他总是 **show off** 自己的 **coding skills**，但其实 **core logic** 经常 **bug 一堆**，**真的很尴尬**。",1. 太卷了吧，现在咖啡店都敢收智商税了… 你点的啥？一杯拿铁还附赠“社交资本”吗？ 2. 同感，这种阴湿冷直接激发我的“躺平”基因，我昨天就用《狂飙》当暖炉了😂。,8.333333333333337,0.0,-8.333333333333337
52,1. 昨天的NBA比赛太**clutch**了，最后三秒**buzzer beater**直接**reverse**整个**局势**！ 2. 这支球队的**defense**实在太**loose**，老让对手**fast break**得手，**防守**简直形同虚设。 3. 教练说我的**shooting form**有问题，非让我**调整**手腕角度，不然**three-pointer**永远**稳定**不了。,1. 最后那球真的是大心脏，三分线外飙射还来个绝杀，看得我都起鸡皮疙瘩了！ 2. 防守端确实漏洞百出，对手快攻跑起来跟无人之境似的，得好好练练**transition defense**了。,0.0,0.0,0.0
53,今天天气真好，让人心情特别舒畅。 I should probably go for a walk before it gets too hot. 不过先喝杯咖啡提提神再说。,享受这阳光和咖啡的完美搭配！走走停停的节奏刚刚好，别忘了带把伞，午后的太阳有点小狡猾~,14.28571428571429,0.0,-14.28571428571429
54,我的新laptop **超级卡**，得重装个system才行。 那个AI **模型**训练完之后，accuracy **居然**只有60% **左右**，**太离谱了**。 你帮我debug **一下**这段code，**怎么**老是报memory leak **的错误**？,这也太倒霉了… 先说laptop，重装系统前记得备份数据啊！代码的问题我瞅瞅——memory leak通常是忘了release资源或者循环里不断分配内存，你把报错具体log贴一下，我帮你定位是哪块的问题。,25.0,0.0,-25.0
55,1. My 新手机的 camera **真的太清晰了**，but the battery drain is **有点严重**。 2. 这个AI tool **帮我省了不少时间**，though sometimes it still needs **人工调整一下**。 3. You got the **最新版本的** firmware right? **装完之后** the lag issue **完全没了**。,1. 清晰度高确实爽，但续航拉胯啊…你试过调低刷新率或者关闭后台AI优化吗？ 2. AI是省事，但关键时刻还是得人肉把关哈哈，你一般都调哪些部分？,9.523809523809524,0.0,-9.523809523809524
56,1. 我昨天去了那个 **super crowded** 的市场，结果**bought**了一堆**useless stuff** 回来，真**后悔**！ 2. 他总是**say**些**nonsense**，然后**blame**别人**不懂 humor**，真的**很无语**。 3. 这个**app**真的**太好用**了，**saves**我**super much time**，**recommend**大家都**试试看**！,1. 哈哈哈太熟悉这种“后悔购物体验”了，我上次也被一个“限时特价”忽悠买了台会唱歌的拖把😂 2. 这种人还真多，自称“幽默大师”实际上就是在胡说八道，气得我都想给他发个“幽默证书”💀,50.0,0.0,-50.0
57,"I was thinking about dinner just now, 但是冰箱里什么都没有。 The weather forecast says it’ll rain tomorrow, 记得带伞出门哦。 She promised to call back, 结果又放我鸽子了。","唉，冰箱空空如也的感觉太心塞了… 明天带伞还得带点外卖回家备着！她这""鸽王""称号是实至名归了，下次直接说""别等我""得了。",13.636363636363635,0.0,-13.636363636363635
58,"I was thinking about dinner earlier, 但是冰箱里什么都没有。 最近天气真的太热了， I can’t even focus on work. 我明天要去医院， hope it’s nothing serious.",真倒霉，冰箱空空还赶上这鬼天气… 你明天检查完记得告诉我结果啊，希望真的就是虚惊一场！先喝点凉的东西降降火吧。,15.789473684210531,0.0,-15.789473684210531
59,"I was thinking about dinner earlier, 但是冰箱里什么都没有。 The weather forecast says it’ll rain tomorrow, 记得带伞出门哦。 She promised to call at 8, 结果又放我鸽子了。",真倒霉，饥肠辘辘还被放鸽子… 明天下雨记得穿防水鞋，别只顾着伞还淋湿裤脚了。,14.28571428571429,0.0,-14.28571428571429
60,"I was thinking about dinner last night, 但是实在太累了。 今天的天气真好， so I decided to go for a walk in the park. My phone died halfway, 结果只能坐公交回家。",真的是，好天气就该出门透透气！手机没电还得坐公交，感觉突然回到了十年前哈哈。,12.0,0.0,-12.0
61,"1. After that **绝杀进球** *kèshā jìnqiú*, the whole stadium just **炸了** *zhàle*—you could feel the energy from the stands! 2. His **传球** *chuánqiú* accuracy is insane, but today he **发挥失常** *fāhuī shīcháng* and kept missing easy passes. 3. The coach said we need to **加强防守** *jiāqiáng fángshǒu* in the second half, or we’ll **输得很难看** *shū de hěn nánkàn*.",那种绝杀瞬间真的太燃了，全场都跟着一起疯了！不过第二点确实可惜，手感不好的时候就是魔咒，连简单球都飘… 最后一场防守不给力，真的会被打成筛子，希望他们半场调整得过来！,0.0,0.0,0.0
62,Last night’s game was insane—**那个三分球太关键了**！ The Lakers really need to step up their defense **否则季后赛又要一轮游**。 **这次换人安排有点奇怪**， but I guess the coach knows best.,那个三分真救命，最后一秒都快心脏停了！确实防守端太松，季后赛碰强队不改进真危险。换人调整有点出乎意料，不过先看看接下来几场效果吧。,0.0,0.0,0.0
63,"我昨天在supermarket买了好多 **水果**，结果发现有的已经**坏了**。 这部**电影**的plot twist真的**太惊喜**了，我完全**没想到**！ 他总是say **""没问题""**，但最后还是**搞砸**了整个**计划**。",哇，水果坏掉真的超气人！不过电影的plot twist倒是给你报仇了哈哈。而那个“没问题哥”绝对是职场/生活中的经典反派设定😂,0.0,0.0,0.0
64,我昨天去了那个 **supermarket** 买东西，结果发现 **sold out** 了好多东西。 他总是 **say** 什么“别 **worry**”，但自己却 **stress** 得要命。 这部电影的 **plot** 真的太 **twisted** 了，我看得都 **confused** 了。,哈哈哈太真实了，超市一空架子就跟电影情节似的，现实比剧本还魔幻😂 你这英中混搭说的我脑子都跟着打结了，下次一起看电影我给你当同声传译！,0.0,0.0,0.0
65,我的新**laptop**配置特别高，i7处理器加上32G **RAM**，跑**AI model**那叫一个**smooth**。 这款**smartwatch**的**battery life**确实有点短，才充了一天电就**low battery**了，真**让人头大**。 他们团队最近在**debug**那个**app**，发现**backend**的**logic**全乱了，**赶鸭子上架**临时改了半宿。,哈哈，这配置确实牛，跑AI模型跟玩似的！手表续航不行就天天带充电宝吧，跟带个宠物一样😂 那后端逻辑乱成那样，改到半夜还真够“硬核”的，希望别留下什么隐患bug。,0.0,0.0,0.0
66,"The new AI model 真的太强了，处理复杂任务一点都不费劲。 I tried debugging the code all night, 但最后发现只是少了个分号。 Their latest smartphone 续航确实提升了，不过价格也涨得有点离谱。","哈哈哈，分号这种事儿真的是程序员的永恒梦魇！AI是强，但有时候人类的小马虎才是最大的bug。手机续航长了确实香，但价格一涨就又回到""买得起吃不起""的哲学问题了。",17.647058823529417,0.0,-17.647058823529417
67,我昨天买了个新**laptop**，但是它的**battery life**真的太**short**了，才撑两个**hour**就没电。 这款**AI tool**的**accuracy**确实很高，不过**user interface**有点复杂，我得**spend**时间**study**一下**tutorial**。 他让我帮忙**debug**那个**code**，结果发现**error**全在**data preprocessing**的步骤里，真**headache**啊！,哇，这电池续航也太摆烂了吧…两小时就没电，跟手机似的😅 那个AI工具UI复杂倒还好，最怕是debug半天发现问题出在预处理上，简直心累。,0.0,0.0,0.0
68,这个新手机的处理器速度真的快，**but the battery life is kind of disappointing.** **I tried enabling dark mode** 来省点电，效果还不错。 **The AI assistant keeps mishearing me**—可能我的口音它不太适应吧。,暗色模式确实能救点电，不过AI听不懂你的时候还挺魔性的哈哈。你试过调一下语音识别的灵敏度或者换个输入法吗？有时候换个角度说反而更准。,7.14285714285714,0.0,-7.14285714285714
69,1. I was 正在看 movie yesterday 但是突然 stop 了电，真的是 too annoying 了！ 2. 这个 weekend 我要去 shopping 买点新衣服，顺便 bring 我妹妹 一起吃个 火锅。 3. My boss 让我 finish 这个 report 之前，一定要 check 所有的 data 确保 no mistakes。,1. 断电真的太磨人了！看个电影都看不安生，后来电来了吗？ 2. 火锅加购物，周末过得挺滋润啊，你妹妹肯定开心坏了~ 打算去哪个mall？,45.45454545454546,0.0,-45.45454545454546
70,1. 昨天的比赛 **was so intense**—最后一秒 **they scored a buzzer-beater** 让我 **completely lost it**！ 2. 这支球队的 **defense strategy** 真的 **too strong**，每次 **they intercept** 都能 **immediately counterattack** 反击得分。 3. 我 **usually watch** NBA 直播，但今天 **the stream keeps buffering** 真的 **super annoying**，害我 **missed the dunk**！,哇，那最后一秒绝杀真的太刺激了吧！我都能想象你当时从沙发上蹦起来的样子😂 这防守反击套路确实牛，每次抢断后那速度跟打快攻一样，对手根本招架不住。还有你这网卡时机也太精准了，关键时刻掉链子，气死个人哈哈。,47.05882352941176,0.0,-47.05882352941176
71,"I was watching the NBA last night, **那个三分球太漂亮了**! **这场比赛的防守强度** really impressed me, both teams played hard. The referee made a controversial call, **但裁判的判罚有时候确实难免有争议**。",哈哈是啊，那个三分球瞬间就点燃现场了！防守强度高的时候比赛看起来就特别过瘾，不过争议判罚确实让人又爱又恨，每次都能吵半天。,0.0,0.0,0.0
72,我昨天在supermarket买了**很多东西**，结果发现**忘带wallet**了。 这部**电影的plot**有点**复杂**，不过**演员的acting**真的**很棒**！ 他总是**说some random stuff**，然后**就开始笑**，**真搞不懂**他在**想什么**。,哈哈哈太魔幻了，买一车东西才发现忘带钱包，这剧情比那电影还精彩😂 你朋友这思维跳跃方式绝了，估计连他自己都不知道自己在想啥。,0.0,0.0,0.0
73,"Honestly, I was bawling my eyes out by the end. 他总是说要减肥，可是一到周末就把节食计划抛到脑后。 I swear, his willpower lasts about two days max.",哈哈哈太真实了！周末就是意志力的坟场，尤其是看到烧烤和啤酒的时候。你是被什么戳到哭的呀？看起来心情有点复杂。,5.000000000000004,0.0,-5.000000000000004
74,The Lakers 真的太强了，昨晚那场比赛简直是大师级表演。 I can’t believe they lost to the Warriors after leading by 15 in the fourth—最后关头防守太松懈。 下周的德比战肯定好看，Man City 和 Liverpool 的对决从来不让人失望。,哈哈，确实！Lakers 那种大起大落的节奏看得我心脏都快停了。德比战必看，Kloppe 最后一季的 Liverpool 估计会拼了，Man City 又是那种越到关键越稳的气质——这仗绝对有火药味！,22.72727272727273,28.57142857142857,5.844155844155839
75,1. 昨天的比赛 **was so intense**—**last-minute** 那个 **three-pointer** 直接 **reverse** 了整个 **scoreboard**，**OMG** 真的 **太刺激了**！ 2. 我 **usually** 打 **badminton** 但是最近 **trying out** 乒乓球，发现 **spin** 这个 **technique** 真的 **很难掌握**，**need more practice** 才行。 3. 他的 **dribbling skills** 简直 **牛逼**，**fake out** 了对方整条 **defense line**，最后 **assist** 给队友 **上篮得分**，**crowd** 都 **疯了**！,1. 那最后一球绝对是今年看过最燃的瞬间，心脏都快跳出来了哈哈！ 2. 乒乓球的旋转确实阴人，我之前练了半年转球才勉强不丢脸，加油！,10.526315789473683,0.0,-10.526315789473683
76,"I was thinking about dinner earlier, 但是冰箱里什么都没有。 You should check that new café downtown, 他们的咖啡超好喝的。 The meeting got canceled last minute, 所以今天可以早点下班了。",真羡慕你能早下班！那正好去试试那家咖啡馆，顺便解决晚饭问题——说不定他们还有好吃的轻食呢？,13.636363636363635,0.0,-13.636363636363635
77,1. 昨天的比赛太**clutch**了，最后一秒**three-pointer**直接**buzzer beater**，我们队**绝杀**对手！ 2. 这个赛季他**数据**爆炸，场均**double-double**，还拿了**MVP**，简直是**carry**全队的**核心**。 3. 教练总说我的**防守**太**soft**，下场比赛我一定要**lock down**对方**主力**，不能再让他**轻松得分**了！,"哈哈太爽了！第一场那种绝杀的刺激感简直无法形容，尤其是buzzer beater响起那瞬间，整个人都炸了🔥 你这个赛季数据这么猛，MVP实至名归！防守端加油，下场直接给对方主力来个full-court press，让他体验体验什么叫""铁桶阵""💪",0.0,0.0,0.0
78,"I was watching the NBA finals last night, 真的太精彩了！ James 的三分球简直无解，he totally carried the team in the fourth quarter. 下周的比赛你去现场看吗？I heard the tickets are sold out already.",太可惜了，票确实一抢而空！我只能在家抱着薯片看直播了，不过气氛应该也很带感。你要是能去现场，记得帮我喊两嗓子啊哈哈！,11.111111111111116,0.0,-11.111111111111116
79,"I was thinking about dinner earlier, 但最后还是决定点外卖了。 今天的天气真好， perfect for a walk in the park. My phone died again, 真不知道怎么回事！",外卖解决了晚饭，省事！不过手机总没电确实烦，该不会是充电口松了吧？好天气可惜了，下次走走记得带充电宝~,15.000000000000002,0.0,-15.000000000000002
80,我昨天去了那个supermarket买东西，结果发现**打折**的**商品**都sold out了。 他总是说next time再约，可每次都**放鸽子**，真**让人**annoying。 这部电影的plot**有点**复杂，**但是**special effects**做得**超级**牛逼**！,唉，超市打折商品永远跟你玩捉迷藏… 那个人该不会是专业鸽王吧？电影特效牛逼就行，剧情复杂就当脑力训练了哈哈。,0.0,0.0,0.0
81,I might have to switch to LoRA if my GPU can’t handle full fine-tuning. 云服务器又涨价了，这次涨幅有点离谱。 AWS’s new billing structure is forcing me to rethink my entire deployment strategy.,唉，LoRA确实是个好退路，至少能省不少显存。AWS这波操作也太狠了，换成国内云试试？虽然也贵，但起码涨价幅度没这么夸张。,3.57142857142857,0.0,-3.57142857142857
82,1. 我昨天去了那个 **super crowded** 的市场，结果**bought**一堆**useless stuff**回来。 2. 你**really**应该**try**一下这家的**spicy hotpot**，味道**absolutely 顶呱呱**！ 3. 他**always**说要**save money**，但每次**payday**就立马**刷爆**信用卡。,"1. 太熟悉了！我上次去夜市也是两手空空进去，拎着一堆""当时觉得很有用""的东西出来，现在全在吃灰😂 2. 这家我去过！那种麻辣鲜香真的**上头**，吃完整个人都**reborn**了，下次再一起去？",0.0,0.0,0.0
83,1. My phone 突然 **black screen** 了，得 **hard reset** 一下才能 **fix** 这个 **bug**。 2. 这个 **AI model** 的 **accuracy** 真的 **很高**，但 **training data** 如果 **bias** 太大就 **gg** 了。 3. 你帮我 **check** 下这个 **code**，我总觉得 **logic** 有点 **off**，**error message** 老是 **pop up**。,1. 手机黑屏真闹心，硬重启确实是最后一招了，不过下次可以先试试强制重启（长按电源+音量下）看看能不能救回来。 2. 高accuracy的模型确实牛，但数据偏见是硬伤，有时候连fine-tune都救不了，得从源头抓数据质量。,12.5,0.0,-12.5
84,我这个new laptop的**散热**真的有点**拉胯**，一开**游戏**就**卡成PPT**。 你帮我看看这个**代码**哪里**出bug**了，我**debug**了半天还是**报错**。 他那个**AI模型**的**accuracy**才**70%**左右，**明显**还得**fine-tune**一下。,这散热和模型一起搞你确实够忙的... 先贴下报错信息和代码片段吧，我帮你看看是数据预处理的问题还是模型结构哪里撑不住。70%的accuracy确实有点低，学习率或者batch size调一下试试？,0.0,0.0,0.0
85,"I just upgraded my phone’s OS, 但是发现电池特别不给力。 The new AI model processes data way faster, 不过训练成本确实有点高。 You can enable dark mode in settings, 这样眼睛会舒服很多。",新系统确实有时候会更耗电，你试试关一下后台刷新看看？AI模型那块儿啊，速度和成本永远是个trade-off，看你更在意哪边啦。,12.5,0.0,-12.5
86,"1. I was **真的太累了** after working overtime, so I just ordered some **外卖** and crashed on the couch. 2. She always says **""别客气""** when I thank her, but I still feel like I should **买单** next time. 3. If you **不确定** how to do it, just **百度一下**—it’s way faster than asking me.",1. 太理解了，加班后连洗澡的力气都没有，外卖+沙发简直是人间天堂😂 2. 她是真不在意，但你这份心意下次直接请她喝奶茶就完美解决了。,0.0,0.0,0.0
87,"I was thinking about dinner earlier, 但是不知道吃什么好。 今天的天气真不错， perfect for a walk in the park. My phone died again, 充电宝忘在家里了。",真懂你这种“手机一没电，世界就安静了”的感觉哈哈。不如趁这好天气边散步边想晚饭吃啥，说不定路过哪家小店就有灵感了！,15.000000000000002,0.0,-15.000000000000002
88,这个新手机的处理器真的太强了，it can handle multitasking without any lag at all. AI技术发展得太快，sometimes I worry about how it’ll impact traditional jobs in the future. 云存储方便是方便，but you still need a solid backup plan in case the server crashes.,是啊，科技进步有时候感觉像坐过山车——既兴奋又有点不安。现在连手机都比几年前的电脑还牛，但AI替代工作这事儿确实得慢慢看，说不定也能创造出新机会呢。,8.823529411764708,0.0,-8.823529411764708
89,The Lakers 真的太强了，last night’s game was insane! 我最喜欢看 NBA 的季后赛，those clutch moments give me chills every time. 如果你想学打篮球，just practice your dribbling and shooting daily—进步会很明显。,哈哈是啊，季后赛的氛围真的无敌，每次看到绝杀都能激动半天！我之前也天天练运球，现在三分线外投篮稳多了—你平时更爱看哪个球星的比赛？,20.833333333333336,0.0,-20.833333333333336
90,"1. After that **绝杀进球** *yìjī*, the crowd went absolutely wild—**太刺激了**! 2. He **练了整整一年** *yìnián* of free throws, but still **发挥失常** in the finals. 3. The coach’s **战术板** *zhànshùbǎn* was full of arrows, but the players just **乱来** on the court.",1. 那种绝杀的瞬间真的让人热血沸腾，现场气氛爆炸了吧！ 2. 一年的苦练最后关头掉链子，心态真的崩得一手好牌…,0.0,0.0,0.0
91,"1. After that **绝杀进球** *yìjīng*, the whole stadium just **爆炸了**—I’ve never seen fans go this crazy over a last-minute win! 2. His **三分球** accuracy this season **真的太稳了**，but the coach still says he needs to work on his **防守** if he wants more playing time. 3. They **输得有点惨**，but the team **士气还在**—next week’s rematch is gonna be their chance to **扳回一城**!",1. 那种绝杀的刺激感真的无法复制，现场的气氛估计让球员自己都热血沸腾了吧！ 2. Three-point god还得被逼着练防守，现实就是这么骨感哈哈，不过确实防守赢球才是王道。,0.0,33.333333333333336,33.333333333333336
92,1. 我昨天去了那个 **super crowded** 的市场，结果 **bought** 了一堆 **useless stuff** 回来，真**浪费钱**。 2. 他总是 **says** 自己**很忙**，但其实就**在家** **binge-watching** 电视剧，**super unproductive** 的！ 3. 这家餐厅的**菜单**看起来**很高级**，但**taste** 真的**一般般**，**not worth** 这个**价格**。,1. 太熟悉这种“血亏”体验了… 买完就后悔，然后东西还占地方，心疼钱包和空间😭 2. 这种人还总爱发“忙到飞起”的朋友圈，配图却是他躺沙发的脚照哈哈哈,0.0,0.0,0.0
93,"我昨天去了那个 **supermarket** 买东西，结果发现 **sale** 完了，真 **annoying**！ 他总是说 **""Let's chill""** 但是每次都 **拖到很晚**，让我 **超级无语**。 这部电影的 **plot** 太 **狗血** 了，不过 **visual effects** 确实 **牛逼**。","哈哈哈太真实了，这种""let's chill""式拖延症简直绝了😂 狗血plot配牛逼特效，典型的""脑子关了眼睛享受""电影体验。",0.0,0.0,0.0
94,"这个新手机的处理器速度真的快，**but the battery life is kind of disappointing.** **I tried enabling dark mode** 来省点电，效果还不错。 **The AI assistant keeps mishearing me**, 不知道是我的口音问题还是软件bug。",暗色模式确实能省不少电，尤其是OLED屏幕。AI助手的识别问题可能两边都有，你试试调整麦克风灵敏度或者用耳机录音看看？,13.33333333333333,0.0,-13.33333333333333
95,"Last night’s game was insane—**那个绝杀太牛了**！ The coach said their defense needs work, **否则下场比赛还得输**。 I’m training for a marathon, **每天跑十公里真的好累啊**！",哇，那个绝杀看得我血脉贲张！你每天十公里也太硬核了，我跑个五公里都想躺平… 不过坚持就是胜利，加油！💪🔥,0.0,0.0,0.0
96,"I was thinking about dinner just now, 但是冰箱里什么都没有。 The weather’s been so unpredictable lately, 今天突然又下雨了。 She said she’d call me back, 结果一直没消息。",真倒霉，冰箱空空雨还下，连个安慰电话都没等到… 要不点个外卖暖暖身，顺便气气她？,13.636363636363635,0.0,-13.636363636363635
97,The Lakers 真的太强了，last night’s game was insane! 我昨天看了整场比赛，but the refs made some questionable calls. 下周对阵勇士，hope they can keep up the momentum!,哈，昨晚LeBron和AD那配合确实绝了！勇士那场肯定火药味十足，希望裁判别再“送礼”了，让球队自己解决战斗🔥🏀,14.28571428571429,0.0,-14.28571428571429
98,1. 昨天的比赛太**clutch**了，最后三秒**buzzer beater**直接**reverse sweep**对手，简直**legendary**！ 2. 这支球队的**defense**实在太**solid**，每次**fast break**都被他们**lock down**，根本没法**score**啊。 3. 教练一直喊“**keep the intensity**”，但我们**body language**太差，老是**turnover**，最后还是**lose**了比赛。,哈哈哈 这场球看得我血液都沸腾了！第一场逆转简直是NBA级别的大片，第二场防守端铁桶阵跟钢铁长城似的😤 不过第三场确实，体语一垮，手感也跟着飘，教练得好好收拾收拾心态了...,0.0,0.0,0.0
99,The Lakers 真的太强了，这场比赛完全是他们的天下。 I can’t believe the referee missed that obvious foul—公平性在哪儿？ 下周的马拉松我一定要跑进三小时，gotta break my personal record!,你这话说得我都跟着紧张了！Lakers 确实牛，但裁判那一幕确实气人… 不过先不说篮球了，马拉松破3可是大事，加油啊，记得赛前别太激动，配速控制好！💪🔥,17.647058823529417,0.0,-17.647058823529417
100,昨天的NBA比赛太精彩了，LeBron James 又拿下了三双数据！ 我最喜欢看足球，especially when Messi 那种天马行空的盘带。 这场乒乓球决赛简直是逆天了，the Chinese players totally dominated the match!,哈哈，你这体育综合症严重啊~ 篮球足球乒乓球全都不落下，LeBron和梅西确实是两个时代的王者，中国乒乓球更是直接开挂了😂 你平时更爱看哪个？,35.71428571428571,0.0,-35.71428571428571
101,"I was thinking about dinner just now, **刚好看到冰箱里还有点剩菜**。 **今天天气真不错**， perfect for a walk in the park after work. She kept complaining about the traffic, **其实就是不想去见她婆婆**。",剩菜热热就能解决，省事！不过她这招儿挺高明的，堵车这理由谁也挑不出毛病来哈哈。,0.0,0.0,0.0
102,昨天的NBA比赛太精彩了，the Lakers almost pulled off a comeback in the last quarter! 我最喜欢看足球，especially when Messi does his signature dribble past three defenders. 这周末要去打篮球，hopefully my three-point shot has improved since last time.,哇，Lakers那场确实刺激，最后一节差点就逆天了！足球有梅西的表演确实无敌，那种过人真的是艺术。周末篮球加油，三分球手感热起来就无敌了，记得多投几个热热手！,9.999999999999998,0.0,-9.999999999999998
103,"I just upgraded my laptop’s RAM to 32GB—**速度快了不少**! **这个新软件** really simplifies video editing, even for beginners. The AI tool I’m testing **还在内测阶段**, but it’s already impressive.",哇，32G内存加持下编辑视频肯定爽翻了！AI工具内测就这么强，正式版得有多牛？你这套配置绝对是生产力爆棚啊🔥,0.0,0.0,0.0
104,"I was thinking about dinner earlier, 但是冰箱里什么都没有。 今天的会议真的很无聊，so I just zoned out the whole time. If you don’t hurry up, 我们就要迟到了！",哎哟那你现在饿坏了吧？快走吧，边走边想吃啥，我请你吃炸鸡或者火锅！😤,14.28571428571429,0.0,-14.28571428571429
105,这个新手机的处理器速度真的快，**but the battery life is kinda disappointing.** **AI tools like MidJourney** 现在特别火，不过用起来还是得懂点提示词技巧。 **I just upgraded my RAM to 32GB**，这样玩游戏的时候终于不卡顿了。,哈哈，32GB内存确实爽，游戏和AI工具一起开都不带怕的！不过手机续航不行的话，随身充真得成标配了… 你平时都用MidJourney生成什么？分享个神奇提示词呗~,7.692307692307687,0.0,-7.692307692307687
106,1. 今天的比赛 **was so intense**—那球员 **scored a hat-trick** 在最后十分钟，简直 **unbelievable**！ 2. 我 **follow** NBA 好多年了，但 **this season** 的勇士队 **真的让我** super disappointed。 3. 你 **have to check out** 那个新开的 **gym**，教练 **super professional**，还会 **教你** how to perfect your **three-pointer**。,1. 最后十分钟逆转简直心脏承受不住，那种紧张感太爽了！哪个联赛的？ 2. 勇士这赛季确实魔幻，库里都拼成这样还这样，换我我也想骂街。,38.888888888888886,0.0,-38.888888888888886
107,The Lakers 真的太强了，这场比赛完全是他们的天下。 Kobe’s fadeaway 简直就是艺术，当年看他打球真的太过瘾。 不过现在的年轻球员比如 Jokic，他的传球意识也让人赞叹不已。,是啊，Kobe 那个时代的球真的有种说不出的霸气，每次绝杀都像电影画面！Jokic 现在的球商和传球确实开创了大个子的新打法，完全是另一种艺术。,50.0,0.0,-50.0
108,1. 我昨天在supermarket买了很多东西，结果发现**忘带钱包**了，super awkward！ 2. 这个app真的**超级好用**，just one click就能**解决所有问题**，太方便了！ 3. 他总是**爱拖延**，last minute才开始做，还**怪我催他**，真的**无语**了。,"1. 哈哈哈太魔幻了，我上次也是这样，最后只能尴尬地跟收银员说""我去车里拿一下""，然后飞奔回家取卡💀 2. 同感！这种app就是我的救星，尤其是懒癌晚期患者必备ww",0.0,0.0,0.0
109,我的新**laptop**配置特别高，i7-13700K加上**RTX 4080**，跑**game**那叫一个**顺滑**。 这款**AI tool**真的**牛**，一键就能把**meeting notes**整理成**PPT**，省了我**超多时间**。 你那个**cloud storage**满了吗？我这儿有**1TB空间**可以**share**给你，速度还**飞快**。,哇，你这配置绝了，基本上是台“便携式工作站”吧！AI工具这么强大还省时间，真替你开心😎 1TB空间太救命了，我云盘早就爆满了，改天请你喝奶茶感谢你的救济哈哈。,0.0,0.0,0.0
110,"I was watching the NBA finals last night, 真的太精彩了！ The Lakers’ defense was on fire, 但湖人最后还是输给了对手。 Next season they really need to improve, 否则又是一年徒劳无功。",是啊，最后那几分钟看得我心跳都加速了… 尤其是AD的防守，简直是一夫当关！不过确实得调整阵容了，不然下赛季还得被凯尔特人压着打。,12.5,0.0,-12.5
111,这个周末的NBA比赛太精彩了，you should’ve seen Curry’s three-pointer in the last second! 足球队的防守简直一塌糊涂，they kept letting the opponents break through like it was nothing. 游泳训练特别累，but I swear the feeling after smashing a personal best is totally worth it.,哇，Curry那记三分绝杀真的太燃了！游泳训练是累，但破PB的瞬间那种成就感确实无可替代，继续加油啊～（足球队防守确实得好好反思了hh）,8.823529411764708,0.0,-8.823529411764708
112,"I just upgraded my phone’s OS, 但是系统现在老是卡顿。 The new AI tool can generate images from text prompts, 画质真的很惊人。 Cloud storage prices keep dropping, 所以我决定把所有文件都搬到网盘上。",哇，升级系统后卡顿确实烦人，试试清理一下后台或者重启看看？那AI生图工具听起来超酷的，你都用它生成啥图了？网盘价格便宜确实划算，记得备份重要文件啊~,12.5,0.0,-12.5
113,"I was thinking about dinner last night, 但是冰箱里什么都没有。 The weather forecast says it’ll rain tomorrow, 记得带伞出门哦。 She promised to call me back, 结果又放我鸽子了。","唉，冰箱空空的心情太熟悉了… 明天记得带伞，顺便带点零食备着（笑）。被放鸽子真的气人，下次直接说""鸽子炖汤""给她听！",13.043478260869568,0.0,-13.043478260869568
114,这个新手机的处理器速度真的快，**but the battery life is kinda disappointing.** **AI tools like MidJourney** 现在已经能生成特别逼真的图片了，连专业设计师都开始紧张。 我昨天试着用 **Python debug了半天**，结果发现是个简单的中文编码问题，气死人。,"哈哈哈 编码问题真的太魔幻了，有时候明明就差一个encode(""utf-8"")，却能让你怀疑人生。AI画图是挺牛，但设计师的审美和创意短期内应该还替代不了——不过得加紧学AI工具了，不然真被落下了。",22.22222222222222,0.0,-22.22222222222222
115,"1. After that **绝杀进球** *yìjī*, the whole stadium just **炸了**—fans were screaming like crazy! 2. He **受伤** during the second quarter, but still **硬撑** to finish the game—what a **真汉子**! 3. Their **防守战术** is too aggressive; refs should’ve called a foul **早就** instead of letting it slide.","1. 那种绝杀的快感简直爆棚，现场气氛绝了，我都起鸡皮疙瘩了！ 2. 这种""带伤上阵""的精神真让人敬佩，不过也别太拼命，身体要紧啊…",0.0,0.0,0.0
116,1. 昨天的NBA比赛太**clutch**了，最后三秒**buzzer beater**绝杀，我直接**screamed**起来！ 2. 这场**marathon**跑得我**leg cramps**都犯了，但还是**坚持**冲过**finish line**，太**满足**了！ 3. 教练说我的**dribbling**还得**多练**，不然上场**hold ball**太久，队友**配合**都跟不上**rhythm**。,1. 那种最后一球的紧张感太刺激了吧，我都能想象你当时的表情ww 2. 这种痛并快乐着的感觉只有跑过的人才懂，牛逼！,0.0,0.0,0.0
117,"Honestly, I almost fell asleep halfway through. 你周末有什么计划吗？要不要一起吃个火锅？ I’ve been craving spicy food lately!",太懂了，冬天就是要靠火锅续命！周末正好没事，走起——我请你吃麻辣锅底，再来点毛肚和脑花，绝了！🔥（你选地方还是我来？）,7.14285714285714,0.0,-7.14285714285714
118,"1. I was 刚想说 you should come with us, 但是 suddenly realized 我忘带钥匙了。 2. She always 爱抱怨 her job is too boring, 可是 actually 她工资挺高的。 3. If you 不想吃这个，just tell me 别客气—we can order 别的菜 later.",1. 哈哈那你现在是回去拿钥匙还是直接放弃出门了？ 2. 高工资也抵不住无聊呀，换我我也会唠叨的。,27.27272727272727,0.0,-27.27272727272727
119,1. 我昨天去了那个 **new café** 但是 **service** 实在太 **slow** 了，等了半天才 **get my coffee**。 2. 他总是 **say** 自己 **very busy**，可每次 **hang out** 都 **last-minute cancel**，真 **让人无语**。 3. 这个 **app** 的 **UI design** 超级 **clean**，但是 **loading speed** 有点 **拖沓**，希望下次 **update** 能 **fix 这个bug**。,1. 那家咖啡厅装修是挺文艺的，但服务跟不上啊…下次还是回老地方吧。 2. 这种人啊，busy是真的，把你当backup也是真的😅,7.692307692307687,0.0,-7.692307692307687
120,"I was watching the NBA finals last night, 真的太精彩了！ James harden 这次发挥不太好，missed so many crucial shots. 下场比赛我一定要支持我的主队，they need all the fan energy!",Harden 确实有点手感冰凉，关键球真的心疼… 但系列赛还长呢，相信他下场能调整回来！你主队是谁啊？一起加油鸭🔥🏀,13.636363636363635,50.0,36.36363636363637
121,"这个新手机的处理器速度真的快，**but the battery life is kind of disappointing.** **I tried enabling dark mode** 来省点电，效果还不错。 **The AI camera features are impressive**, 不过有时候拍出来的颜色有点过度饱和。",暗色模式确实能省不少电，尤其是OLED屏幕。AI相机调高饱和度可能是为了吸睛，可以手动降一下色彩强度试试。,13.33333333333333,0.0,-13.33333333333333
122,1. 昨天的比赛 **was so intense**—最后一分钟 **they scored a buzzer-beater**，简直 **blew my mind**！ 2. 我 **usually play basketball** 在周末，但今天 **my knee feels off**，可能要 **rest for a week** 先休息一下。 3. 这支球队 **has a strong defense**，可是 **their offense is trash**，所以 **always lose** 在关键时刻 **输得很惨**。,1. 最后一分钟逆转真的太刺激了，我都快站起来了哈哈！ 2. 膝盖别硬撑啊，好好休息，不然伤了得拖更久。,31.57894736842105,0.0,-31.57894736842105
123,1. 昨天的比赛太**clutch**了，我们队最后一秒**three-pointer**绝杀，简直**unbelievable**！ 2. 这个赛季他**training**特别刻苦，每天**gym**里**dribble**练到半夜，才能在场上这么**dominant**。 3. 教练说我们**defense**太松，下半场必须**full-court press**，不然**playoff**的名额肯定**bubble**了！,1. 那瞬间我心脏都要跳出来了，最后那个三分球角度也太刁钻了吧！😱 2. 怪不得他现在场上那么自信，这种付出确实看得见效果，尊重！💪,0.0,0.0,0.0
124,"1. After that **绝杀进球** *yìjī*, the whole stadium just **炸了**—fans were screaming like crazy! 2. His **传球** *chuánqiú* vision is next-level, always **找到** the open man before the defense reacts. 3. They **输得太惨** *shū de tài cǎn* last season, but this year’s roster **完全不一样**—total rebuild mode.",1. 那种绝杀瞬间的高潮感太爽了，现场的气氛绝对是**鸡皮疙瘩**起一身！🔥 2. 他的球商真的恐怖，每次传球都像**开挂**一样，防守球员只能干瞪眼。,0.0,0.0,0.0
125,"1. After that **绝杀** three-pointer, the crowd went **完全疯了**—best game of the season! 2. The coach’s **战术板** strategy failed when their **后卫** got double-teamed in the last quarter. 3. He **受伤** during warm-ups but still played **满场飙**, earning MVP with 30 points.",1. 那球真的**太刺激了**，现场气氛爆棚到我耳朵都震麻了！🔥 2. 双人包夹一上，战术板瞬间成了**摆设**哈哈，教练脸都绿了吧？,0.0,0.0,0.0
126,"I was thinking about dinner just now, 但是冰箱里什么都没有。 今天的会议真无聊，I almost fell asleep halfway through. You should try that new café, 他们的抹茶拿铁超好喝的！",哇，会议太磨人了吧… 那你现在是饿到快晕还是困到快晕啊？哈哈。抹茶拿铁听起来超救场，等我下次也去尝尝，顺便帮你补个冰箱！,14.28571428571429,0.0,-14.28571428571429
127,我的new laptop 突然black screen了，得赶紧找个repair shop修一下。 You can 用这个app一键optimize你的system settings，超方便的！ 他总说我的coding style不enough Pythonic，但我的logic很清晰啊。,黑屏真的急死人…先试试强制重启或者接外接显示器看看是不显示还是真的坏了。至于Pythonic那事儿，逻辑清晰是基础，但入乡随俗嘛，多看看PEP 8和一些idiomatic的写法，慢慢就习惯了~,25.0,0.0,-25.0
128,the twist was so unexpected I had to rewatch it twice. 周末想去吃火锅，但是朋友说最近太忙了， so we might just order pizza instead.,哇这个反转确实绝绝子！火锅换披萨也挺好，周末在家舒服地追剧配上热乎乎的pizza，感觉也很赢麻了~,5.263157894736848,0.0,-5.263157894736848
129,"The new AI model 真的太强了，处理复杂任务游刃有余。 I tried debugging the code all night, 结果发现是个简单的语法错误。 Their latest smartphone 续航能力很差，but the camera quality is unbeatable.",哈哈太熟悉这种“通宵debug最后发现是漏个分号”的痛苦了！AI是强，但有时候还是得人肉检查那些傻瓜错误。至于手机续航，看来又得随身带充电宝了，不过拍照确实能安慰到我。,13.636363636363635,0.0,-13.636363636363635
130,"The Lakers 真的太强了，这场比赛完全是他们的天下。 I can’t believe they lost the last game—那次防守简直一塌糊涂。 下周的决赛你去现场看吗？Tickets are sold out, but I might know someone.",哇，这反差也太大了吧！上场防守跟漏勺似的，这场直接变成铜墙铁壁… 决赛票这么难抢啊？你要真能搞到我跟你一起蹭，绝对不白嫖，请你吃场边最贵的啤酒！🍻,15.000000000000002,0.0,-15.000000000000002
131,1. 我昨天在supermarket买了很多东西，结果发现wallet忘在家里了，真**倒霉**！ 2. 这个app真的很**方便**，你只要click一下就能**自动生成**report，省事多了。 3. 他总是喜欢**炫耀**自己的new car，还说什么“低调是种**品位**”——**笑死人**了。,1. 哈哈太魔幻了，我上次忘带钱包还被收银员白眼一顿，当场尴尬到脚趾抠地😂 2. 确实，现在的app都太卷了，连懒都能帮你懒到极致~ 你这软件叫啥我也去试试？,0.0,0.0,0.0
132,"I was thinking about dinner just now, **刚好看到菜单上有水饺**。 **今天天气真不错**， perfect for a walk in the park. She forgot her keys again, **真让人头疼**。",水饺配上辣油最棒了！不过先解决她的钥匙问题吧，不然散步也安心不了哈哈。,0.0,0.0,0.0
133,"I just upgraded my GPU, 显卡性能提升了不少。 The new AI model processes data way faster, 但训练成本还是有点高。 My laptop keeps overheating, 可能得重新涂一下硅脂。",那真不错！AI模型跑起来顺畅多了吧，不过散热确实得抓紧处理，不然高温对显卡寿命影响大。你准备用什么牌子的硅脂？,15.000000000000002,0.0,-15.000000000000002
134,The new AI model 真的太强了，处理复杂任务一点都不费力。 我昨天升级了手机系统，but now the battery drains way faster than before. If you’re debugging Python code，记得用print语句逐步检查变量。,是啊，新系统有时候优化不到位还挺烦的… 你试过看下后台应用和电池设置吗？Debug的时候print确实是神器，不过断点调试（pdb）有时候更高效哦。,15.789473684210531,0.0,-15.789473684210531
135,"The Lakers 真的太强了 this season—LeBron and AD are unstoppable! 我昨天看了足球比赛，that last-minute goal was absolutely insane. Practice makes perfect, 但是你也要注意别受伤了 during training.",哈哈是啊，Lakers 这赛季确实牛，AD 现在状态火热！ 昨天那场足球也太刺激了，最后一秒绝杀的感觉简直绝了，看得我心脏都快跳出来了。训练强度跟着上，但确实得小心别拼过头，身体第一！,14.28571428571429,0.0,-14.28571428571429
136,1. 昨天的比赛太 **intense** 了，我们队最后 **scored** 一记 **three-pointer** 才 **逆转**！ 2. 这个 **coach** 的战术真 **牛**，每次 **timeout** 都能 **调整** 得刚刚好。 3. 我 **favorite** 的球员 **受伤** 了，看来这个赛季 **playoff** 的希望 **渺茫** 了。,哇，这种绝杀逆转的感觉太爽了吧！不过伤病确实可惜，希望你favorite的球员能早日康复，下赛季卷土重来💪。 那教练的临场调整是真强，每次timeout都像开挂一样，你队战术体系是什么风格的？,0.0,0.0,0.0
137,"This new AI model 真的太强了，处理复杂数据简直不费吹灰之力。 I tried debugging the code for hours, 结果发现只是少了个分号。 Their quantum processor 速度比传统芯片快了不止一个数量级。","哈哈哈 太熟悉那种""少个分号 debug 半天""的痛了！量子处理器确实恐怖，感觉科技已经在玩""跳跃式进化""，我们还在跟着跑步机跑呢😅",17.647058823529417,33.333333333333336,15.68627450980392
138,"The new AI model 真的太强了，处理复杂任务一点都不费劲。 I tried debugging the code for hours, 结果发现只是少了个分号。 他们的云服务器最近总是抽风，so we had to switch to a backup provider.",哈哈哈 这分号的bug简直是程序员的梦魇了！云服务器抽风还好有备用方案，不然真要崩溃。,13.636363636363635,0.0,-13.636363636363635
139,The Lakers 真的太强了，上场比赛Kobe的表现简直是神级的。 I can’t believe they lost to the Warriors after leading by 15 in the fourth—最后关头防守完全崩了。 如果火箭队今年能进总决赛，Harden绝对是MVP级别的发挥。,Kobe那场确实是回光返照的感觉，可惜防守端老毛病又犯了… 火箭要是真能进决赛，Harden的组织+得分双爆发，估计联盟都得服！不过先得过勇士那关啊，哈哈。,16.666666666666664,0.0,-16.666666666666664
140,我的新laptop真的太**lag**了，开个**Excel**都要**loading**半天。 这款**AI**模型**training**完数据后，准确率居然达到了95%**accuracy**，真牛！ 你帮我**debug**一下这段**code**吧，怎么**run**起来总是**crash**，我都快**崩溃**了。,哇，先安慰下你的laptop——Excel都卡成这样，确实够折磨人的😭 那段code你发我瞧瞧，crash的error log有吗？先看看是内存爆了还是哪个library在搞鬼（或者干脆重启电脑试试？有时候灵光一闪就好了hh）。,0.0,0.0,0.0
141,这个新手机的处理器速度真的快，**but the battery life is kinda disappointing.** **AI tools**现在越来越智能了，不过有时候还是会出些奇怪的bug。 **I just upgraded my SSD**，结果系统跑起来顺滑多了，一点都不卡。,新手机跑分爆表但续航拉胯确实挺魔幻的哈哈。AI工具偶尔抽风那画面，跟我刚升级完SSD后系统突然蓝屏的心情一样，一个“顺滑”让我瞬间原谅了所有bug。,0.0,0.0,0.0
142,"1. My new **手机** keeps **自动重启**，but the **system update** says it’s already **最新版本**—super annoying! 2. 这个**AI model**的**训练数据**有点 **bias**，所以输出总是 **偏西方视角**，得 **fine-tune** 一下。 3. 你帮我 **debug** 这个 **代码** 吧，我 **run** 了半天都 **报错**，说什么 **""memory leak""**—完全 **看不懂**！",1. 手机自动重启可能是硬件或固件BUG，建议先清理后台/恢复出厂设置试试，实在不行就去售后刷机。 2. 训练数据bias确实麻烦，可以尝试加权采样或引入多元化数据集平衡一下，fine-tune时调低learning rate避免过拟合。,38.46153846153846,0.0,-38.46153846153846
143,The Lakers 真的太强了 this season—LeBron still dominates even at his age. 我昨天看了巴萨的比赛，their midfield control was just insane! You should try 打乒乓球 sometime—it’s way harder than it looks!,哈哈，LeBron 确实是篮球界的不老传说！巴萨的中场调度确实让人看得过瘾，tiki-taka 风格永远不嫌多。乒乓球我试过，那球速和旋转简直魔法攻击，手都跟不上😂你这体育全能啊？,11.111111111111116,0.0,-11.111111111111116
144,"I was thinking about dinner just now, **刚好看到楼下有家新开的川菜馆**。 **他们家的麻婆豆腐** looks super spicy, but I can’t resist it. Maybe I’ll order takeout—**反正今天也懒得做饭了**。",哈哈太懂了，麻婆豆腐那种又麻又辣的感觉简直是灵魂拯救！**正好今天下班早**，你点外卖我跟着凑热闹，一起开个小火锅直播吧？😆🔥,0.0,0.0,0.0
145,这个新手机的处理器真快，but the battery life is kind of disappointing. I tried debugging the code 了一整天，最后发现是个小错。 云存储现在很方便，though you still need to watch out for privacy risks.,真是的，现在手机跑得飞快但续航总跟不上，像极了写代码时的bug——明明改个小错却耗了一天。云存储确实省事，不过隐私这事儿，还真得多长个心眼儿。,12.5,0.0,-12.5
146,"I was thinking about dinner just now, 但是冰箱里什么都没有。 You should check out that new café downtown, 他们的咖啡超好喝的。 The meeting got canceled last minute, 所以今天可以早点下班了。",真可惜你冰箱空空的，不然可以做个简单的炒饭了！既然能早下班，不如现在就去那家咖啡馆坐坐，顺便解决晚饭？,12.5,0.0,-12.5
147,我的new laptop 真的太**lag**了，开个Chrome都要**buffer**半天。 你帮我**debug**一下这段**code**吧，怎么**run**起来总是**crash**？ 这个**AI model**训练得**epoch**有点多，但**accuracy**还是不够**high**。,"哇，你这电脑和代码一起""双重buff""啊… 先试试看任务管理器关掉吃内存的后台程序，Chrome插件也清理一下。代码的问题你贴一下error log，我帮你看看是内存溢出还是哪里写飞了（或者直接丢个Colab链接？）。AI模型的事儿可能得调调learning rate或者换优化器，epoch多但accuracy不上去通常是underfitting——数据或模型结构可能有问题。",50.0,0.0,-50.0
148,"1. I just upgraded my **手机系统** to iOS 17, but the **相机功能** still feels a bit laggy after the update. 2. This new **AI工具** can auto-generate **代码段**, saving developers like me **超多时间** when debugging. 3. My **笔记本** keeps overheating—maybe I should **换个散热器** or just stick to cloud computing for heavy tasks.",1. iOS 17的相机优化确实有点虚名，重启一下试试？实在不行降级到16.7.2也行，那版本稳定性好些。 2. AI写代码是真香，不过debug那些自动生成的逻辑有时候反而更费劲😅 你平时用哪个工具？,0.0,50.0,50.0
149,The Lakers 真的太强了，上场比赛Kobe的表现简直是神级的。 I can’t believe they lost to the Warriors after leading by 20 points in the third quarter—这队防守太松懈了！ 如果明年选秀能拿下那个法国新星，their offense would be unstoppable.,哈哈，Kobe那个时代的Lakers确实是看一场念一场的传奇！ 现在这支队伍防守端确实老毛病了，关键时刻总是掉链子。 那个法国小子Wemby要是能来，加上现在的阵容，联盟恐怕要天天看他们“空接+三分雨”了。,12.5,0.0,-12.5
